{"_timestamp":1.778501300630907e+09,"_step":44,"_wandb":{"runtime":192},"_runtime":192,"train/step_loss":2.809631109237671,"global_step":441}